<?xml version="1.0" encoding="UTF-8"?>
<unload unload_date="2017-09-04 11:14:38">
<sysauto_script action="INSERT_OR_UPDATE">
<active>true</active>
<condition/>
<conditional>false</conditional>
<name>CreateCloudAPIComponentsForAnsible</name>
<run_as display_value="System Administrator">6816f79cc0a8016401c5a33be04be441</run_as>
<run_as_tz/>
<run_dayofmonth>1</run_dayofmonth>
<run_dayofweek>1</run_dayofweek>
<run_period/>
<run_start>2017-09-04 10:23:59</run_start>
<run_time>1970-01-01 08:00:00</run_time>
<run_type>on_demand</run_type>
<script><![CDATA[
var gr = new GlideRecord('sys_script_include');
gr.get("name", "CreateProviderAndCloudAPIForAnsible");

var sysId = gr.getValue("sys_id");


var gc = new global.GetContentsOfAnsibleAttachments();
var scriptList = gc.getContents("sys_script_include", sysId);


var capi = new sn_capi.CreateProviderAndCloudAPIForAnsible();
capi.createProvider("Ansible", "Ansible Tower");

capi.importCloudAPI(scriptList);



var gr = new GlideRecord('sys_script_include');
gr.get("name", "CreateMidServerScriptsForAnsible");

var sysId = gr.getValue("sys_id");


var gc = new global.GetContentsOfAnsibleAttachments();
var scriptList = gc.getContents("sys_script_include", sysId);


var capi = new global.CreateMidServerScriptsForAnsible();
capi.createScripts(scriptList);

gs.info("CAPI Components for Ansible Created");
]]></script>
<sys_class_name>sysauto_script</sys_class_name>
<sys_created_by>admin</sys_created_by>
<sys_created_on>2017-09-04 10:27:32</sys_created_on>
<sys_id>7ad2a97cdb8d0300935336cb7c961943</sys_id>
<sys_mod_count>0</sys_mod_count>
<sys_name>CreateCloudAPIComponentsForAnsible</sys_name>
<sys_package display_value="Global" source="global">global</sys_package>
<sys_policy/>
<sys_scope display_value="Global">global</sys_scope>
<sys_update_name>sysauto_script_7ad2a97cdb8d0300935336cb7c961943</sys_update_name>
<sys_updated_by>admin</sys_updated_by>
<sys_updated_on>2017-09-04 10:27:32</sys_updated_on>
<upgrade_safe>false</upgrade_safe>
</sysauto_script>
<sysauto_script action="INSERT_OR_UPDATE">
<active>true</active>
<condition/>
<conditional>false</conditional>
<name>CreateCloudConfigMgmtComponentsForAnsible</name>
<run_as display_value="System Administrator">6816f79cc0a8016401c5a33be04be441</run_as>
<run_as_tz/>
<run_dayofmonth>1</run_dayofmonth>
<run_dayofweek>1</run_dayofweek>
<run_period/>
<run_start>2017-09-04 10:28:34</run_start>
<run_time>1970-01-01 08:00:00</run_time>
<run_type>on_demand</run_type>
<script><![CDATA[//create tables
var createTable = new global.CreateTablesAndCI_MR_For_Ansible();
createTable.createTablesAndCIMRs();

//create resource blocks
var gr = new GlideRecord('sys_script_include');
gr.get("name", "ImportResourceBlocksForAnsible");

var sysID = gr.getValue("sys_id");

var gc = new global.GetContentsOfAnsibleAttachments();
var scriptList = gc.getContents("sys_script_include", sysID);

var rb = new sn_cfg.ImportResourceBlocksForAnsible();
rb.importResourceBlock(scriptList);

//create pools and policies
var gr = new GlideRecord('sys_script_include');
gr.get("name", "CreatePoolsAndPolicyForAnsible");

var sysID = gr.getValue("sys_id");

var gc = new global.GetContentsOfAnsibleAttachments();
var scriptList = gc.getContents("sys_script_include", sysID);


var policy = new sn_cmp.CreatePoolsAndPolicyForAnsible();
policy.createPolices(scriptList);
policy.createPools(scriptList);

gs.info("Create CloudConfigMgmt components for Ansible completed");







]]></script>
<sys_class_name>sysauto_script</sys_class_name>
<sys_created_by>admin</sys_created_by>
<sys_created_on>2017-09-04 10:32:19</sys_created_on>
<sys_id>3de325f8db8d0300935336cb7c961939</sys_id>
<sys_mod_count>0</sys_mod_count>
<sys_name>CreateCloudConfigMgmtComponentsForAnsible</sys_name>
<sys_package display_value="Cloud Config Management" source="sn_cfg">5f4bfd620b10320033bc05ae37673a03</sys_package>
<sys_policy/>
<sys_scope display_value="Cloud Config Management">5f4bfd620b10320033bc05ae37673a03</sys_scope>
<sys_update_name>sysauto_script_3de325f8db8d0300935336cb7c961939</sys_update_name>
<sys_updated_by>admin</sys_updated_by>
<sys_updated_on>2017-09-04 10:32:19</sys_updated_on>
<upgrade_safe>false</upgrade_safe>
</sysauto_script>
</unload>
